Word	Concepticon_ID	Concepticon_Gloss	POS	Similarity
it	169	IT	other	19
is	1579	BE	verb	19
admit	2022	ADMIT	verb	19
that	78	THAT	other	19
right	1019	RIGHT	adjective	19
refuse	49	REFUSE	verb	19
person	683	PERSON	noun	19
were	1579	BE	verb	19
club	1763	CLUB	noun	19
cultivate	1541	CULTIVATE	verb	19
then	2921	THEN	other	19
understand	1536	UNDERSTAND	verb	19
in	1460	IN	other	19
back	1291	BACK	noun	19
bay	663	BAY	noun	19
and	1577	AND	other	19
not	1240	NOT	other	19
or	1014	OR	other	19
manner	488	MANNER	noun	19
be	1579	BE	verb	19
this	1214	THIS	other	19
no	1269	NO	other	19
could	972	BE ABLE	verb	19
those	78	THAT	other	19
who	1235	WHO	other	19
their	2400	THEIR	other	19
we	1212	WE	other	19
today	1283	TODAY	other	19
are	1579	BE	verb	19
men	1554	MAN	noun	19
believe	1890	BELIEVE	verb	19
poison	655	POISON	noun	19
mind	1562	MIND	noun	19
one	1493	ONE	numeral	19
can	972	BE ABLE	verb	19
every	98	ALL	other	19
return	581	COME BACK	verb	19
first	728	FIRST	other	19
church	1349	CHURCH	noun	19
let	2896	CAUSE TO (LET)	verb	19
sound	2879	SOUND (OF INSTRUMENT OR VOICE)	verb	19
board	1227	BOARD	noun	19
when	1238	WHEN	other	19
turn	1588	TURN	verb	19
come	1446	COME	verb	19
did	813	DO	verb	19
seem	1521	SEEM	verb	19
clear	989	CLEAR	adjective	19
day	1225	DAY (NOT NIGHT)	noun	19
these	1214	THIS	other	19
son	1620	SON	noun	19
explain	1626	EXPLAIN	verb	19
father	1217	FATHER	noun	19
they	817	THEY	other	19
had	773	HAVE	verb	19
always	1676	ALWAYS	other	19
never	1656	NEVER	other	19
would	1784	WANT	verb	19
follow	1085	FOLLOW	verb	19
all	98	ALL	other	19
still	2919	STILL (CONTINUING)	other	19
with	1340	WITH	other	19
upon	1753	TOP	noun	19
after	1685	AFTER	other	19
receive	694	GET	verb	19
he	1211	HE	other	19
invite	1611	INVITE	verb	19
betray	1902	BETRAY	verb	19
new	1231	NEW	adjective	19
may	972	BE ABLE	verb	19
defend	1330	DEFEND	verb	19
leave	1752	LEAVE	verb	19
state	2955	STATE (POLITICS)	noun	19
between	689	BETWEEN	other	19
bring	692	BRING	verb	19
do	813	DO	verb	19
have	773	HAVE	verb	19
remain	987	REMAIN	verb	19
other	197	OTHER	other	19
get	694	GET	verb	19
down	1326	DOWN	other	19
knee	1371	KNEE	noun	19
cry	1839	CRY	verb	19
room	1450	ROOM	noun	19
close	1046	SHUT	verb	19
what	1236	WHAT	other	19
been	1579	BE	verb	19
break	680	BREAK (DESTROY OR GET DESTROYED)	verb	19
weep	1839	CRY	verb	19
rush	2860	BOLT (MOVE IN HASTE)	verb	19
out	1107	GO OUT	verb	19
take	1749	TAKE	verb	19
hand	1277	HAND	noun	19
request	1828	ASK (REQUEST)	verb	19
again	204	AGAIN	other	19
tear	1735	TEAR (SHRED)	verb	19
near	1942	NEAR	adjective	19
which	727	WHICH	other	19
border	2546	BORDER	noun	19
tell	1711	TELL	verb	19
story	2060	STORY	noun	19
over	1741	ABOVE	other	19
warm	1232	WARM	adjective	19
thing	738	THING	noun	19
but	506	MAIZE	noun	19
say	1458	SAY	verb	19
ask	1309	ASK (INQUIRE)	verb	19
rest	168	REST	verb	19
more	1992	MORE	other	19
name	1405	NAME	noun	19
give	1447	GIVE	verb	19
two	1498	TWO	numeral	19
think	2271	THINK	verb	19
way	667	ROAD	noun	19
how	1239	HOW	other	19
human	683	PERSON	noun	19
fear	1419	FEAR (BE AFRAID)	verb	19
there	1937	THERE	other	19
behind	1686	BEHIND	other	19
walk	1443	WALK	verb	19
lick	319	LICK	verb	19
wound	1109	WOUND	noun	19
preserve	1997	PRESERVE	verb	19
want	1784	WANT	verb	19
depart	1752	LEAVE	verb	19
dare	1779	DARE	verb	19
throw	1456	THROW	verb	19
memory	1018	MEMORY	noun	19
afterwards	2093	AFTERWARDS	other	19
within	1460	IN	other	19
accuse	1814	ACCUSE	verb	19
finger	1303	FINGER	noun	19
at	1461	AT	other	19
cut	1432	CUT	verb	19
throat	1346	THROAT	noun	19
time	892	TIME	noun	19
real	1657	TRUE	adjective	19
bitter	887	BITTER	adjective	19
smooth	1234	SMOOTH	adjective	19
now	1376	NOW	other	19
call	1084	CALL	verb	19
world	965	WORLD	noun	19
afraid	1419	FEAR (BE AFRAID)	verb	19
own	684	OWN	verb	19
prepare	2909	PREPARE	verb	19
threaten	1192	THREATEN	verb	19
show	1039	SHOW	verb	19
face	1560	FACE	noun	19
defense	1330	DEFEND	verb	19
war	935	WAR	noun	19
find	719	FIND	verb	19
hold	1448	HOLD	verb	19
up	1591	UP	other	19
become	1990	BECOME	verb	19
i	1209	I	other	19
here	136	HERE	other	19
put	998	PUT	verb	19
end	742	END (OF SPACE)	noun	19
learn	504	LEARN	verb	19
doubt	1308	DOUBT	noun	19
gentle	1954	GENTLE	adjective	19
write	1672	WRITE	verb	19
friend	1325	FRIEND	noun	19
many	1198	MANY	other	19
spirit	53	SPIRIT	noun	19
judgment	1067	JUDGMENT	noun	19
little	1246	SMALL	adjective	19
stand	1442	STAND	verb	19
another	197	OTHER	other	19
most	1198	MANY	other	19
people	789	PEOPLE	noun	19
run	1519	RUN	verb	19
often	1852	OFTEN	other	19
rule	1846	RULE	verb	19
iron	621	IRON	noun	19
remember	707	REMEMBER	verb	19
heart	1223	HEART	noun	19
speak	1623	SPEAK	verb	19
without	1478	WITHOUT	other	19
book	963	BOOK	noun	19
some	1241	SOME	other	19
law	1062	LAW	noun	19
speech	1115	SPEECH	noun	19
hurry	754	HURRY	verb	19
letter	1612	LETTER	noun	19
bore	1501	BORE	verb	19
descend	2014	GO DOWN (DESCEND)	verb	19
make	734	MAKE	verb	19
beginning	1557	BEGINNING	noun	19
because	1157	BECAUSE	other	19
taste	21	TASTE (SOMETHING)	verb	19
allow	1003	PERMIT	verb	19
appear	1076	EMERGE (APPEAR)	verb	19
only	1580	ONLY	other	19
am	1579	BE	verb	19
sure	509	CERTAIN	adjective	19
fresh	243	FRESH	adjective	19
battle	579	BATTLE	noun	19
neighbor	1332	NEIGHBOUR	noun	19
fight	1423	FIGHT	verb	19
citizen	1032	CITIZEN	noun	19
language	1307	LANGUAGE	noun	19
doctor	597	PHYSICIAN	noun	19
three	492	THREE	numeral	19
before	1882	BEFORE	other	19
holy	1702	HOLY	adjective	19
old	1229	OLD	adjective	19
tide	891	TIDE	noun	19
thin	2308	THIN	adjective	19
lip	478	LIP	noun	19
white	1335	WHITE	adjective	19
line	1048	LINE	noun	19
talk	2708	TALK	verb	19
you	1213	YOU	other	19
same	200	SAME	other	19
great	1202	BIG	adjective	19
bosom	1402	BREAST	noun	19
head	1256	HEAD	noun	19
home	2406	HOME	noun	19
few	1242	FEW	other	19
business	2931	BUSINESS	noun	19
catch	702	CATCH	verb	19
bad	1292	BAD	adjective	19
love	923	LOVE	verb	19
pain	1783	PAIN	noun	19
age	1789	AGE	noun	19
if	1459	IF	other	19
pleasure	2524	JOY	noun	19
hard	1884	HARD	adjective	19
shut	1046	SHUT	verb	19
vein	1924	VEIN	noun	19
truth	1638	TRUTH	noun	19
hot	1286	HOT	adjective	19
fire	221	FIRE	noun	19
live	1422	BE ALIVE	verb	19
sacrifice	1103	SACRIFICE	noun	19
disturb	2883	DISTURB	verb	19
work	1086	WORK (ACTIVITY)	verb	19
hope	1092	HOPE	verb	19
four	1500	FOUR	numeral	19
why	1270	WHY	other	19
deep	1593	DEEP	adjective	19
water	948	WATER	noun	19
wine	1524	WINE	noun	19
third	1859	THIRD	other	19
answer	1275	ANSWER	verb	19
side	682	SIDE	noun	19
pass	1951	PASS	verb	19
forget	1523	FORGET	verb	19
like	1117	LIKE	verb	19
teacher	1038	TEACHER	noun	19
see	1409	SEE	verb	19
once	374	ONE TIME	other	19
part	779	PART	noun	19
look	1819	LOOK	verb	19
life	210	LIFE	noun	19
child	2099	CHILD	noun	19
full	1429	FULL	adjective	19
lie	1411	LIE (REST)	verb	19
outside	762	OUTSIDE	other	19
boy	1366	BOY	noun	19
go	695	GO	verb	19
permit	1003	PERMIT	verb	19
long	1203	LONG	adjective	19
will	1579	BE	verb	19
lame	320	LAME	adjective	19
next	1354	NEXT	other	19
place	723	PLACE (POSITION)	noun	19
far	1406	FAR	adjective	19
through	97	THROUGH	other	19
summit	1614	SUMMIT	noun	19
happen	248	HAPPEN	verb	19
where	1237	WHERE	other	19
together	2482	TOGETHER	other	19
worship	257	WORSHIP	verb	19
tradition	1747	CUSTOM	noun	19
street	1362	STREET	noun	19
nation	789	PEOPLE	noun	19
meet	1831	MEET	verb	19
carry	700	CARRY	verb	19
grass	606	GRASS	noun	19
root	670	ROOT	noun	19
top	1753	TOP	noun	19
low	721	LOW	adjective	19
true	1657	TRUE	adjective	19
god	3231	DEITY	noun	19
gather	7	GATHER	verb	19
share	884	SHARE	verb	19
common	102	COMMON COLD (DISEASE)	noun	19
idea	1609	IDEA	noun	19
mistake	1293	MISTAKE	noun	19
sacred	1702	HOLY	adjective	19
faith	1890	BELIEVE	verb	19
fall	1280	FALL	verb	19
below	1485	BELOW OR UNDER	other	19
body	1480	BODY	noun	19
nearby	1942	NEAR	adjective	19
alone	1964	ALONE	adjective	19
second	1384	SECOND	other	19
glass	604	GLASS	noun	19
distant	1406	FAR	adjective	19
keep	1477	KEEP	verb	19
large	1202	BIG	adjective	19
eye	1248	EYE	noun	19
town	1391	TOWN	noun	19
escape	1615	ESCAPE	verb	19
she	1834	SHE	other	19
east	1877	EAST	noun	19
south	1595	SOUTH	noun	19
nothing	687	NOTHING	other	19
lead	43	LEAD (GUIDE)	verb	19
family	194	FAMILY	noun	19
pour	1487	POUR	verb	19
gap	2948	GAP (DISTANCE)	noun	19
grow	479	GROW	verb	19
number	1356	NUMBER	noun	19
beautiful	1427	BEAUTIFUL	adjective	19
music	642	MUSIC	noun	19
woman	962	WOMAN	noun	19
under	1485	BELOW OR UNDER	other	19
heavy	1210	HEAVY	adjective	19
sick	1847	SICK	adjective	19
help	1897	HELP	verb	19
draw	2001	PAINTING	verb	19
young	1207	YOUNG	adjective	19
circle	1467	CIRCLE	noun	19
easy	686	EASY	adjective	19
raise	2134	RAISE (BRING UP)	verb	19
rich	712	RICH	adjective	19
emerge	1076	EMERGE (APPEAR)	verb	19
thought	2975	THOUGHT	noun	19
peace	1338	PEACE	noun	19
slice	2954	SLICE	noun	19
everything	98	ALL	other	19
build	1840	BUILD	verb	19
feel	1079	FEEL	verb	19
conceive	1087	CONCEIVE	verb	19
set	160	SET (HEAVENLY BODIES)	verb	19
above	1741	ABOVE	other	19
order	1128	ORDER	verb	19
horn	1393	HORN (ANATOMY)	noun	19
relative	1644	RELATIVES	noun	19
recognize	2870	RECOGNIZE (SOMEBODY)	verb	19
meaning	2950	MEANING	noun	19
felt	325	FELT	noun	19
sometimes	1544	SOMETIMES	other	19
burden	1679	LOAD	noun	19
year	1226	YEAR	noun	19
amount	2987	AMOUNT	noun	19
change	1264	CHANGE	verb	19
spread	38	SPREAD OUT	verb	19
divide	1119	DIVIDE	verb	19
cover	761	COVER	verb	19
early	672	EARLY	adjective	19
measure	1506	MEASURE	verb	19
frequently	1852	OFTEN	other	19
plant	653	PLANT (VEGETATION)	noun	19
high	1265	HIGH	adjective	19
simple	686	EASY	adjective	19
bill	1081	BILL	noun	19
month	1370	MONTH	noun	19
small	1246	SMALL	adjective	19
electricity	59	ELECTRICITY	noun	19
bed	1663	BED	noun	19
joy	2524	JOY	noun	19
husband	1200	HUSBAND	noun	19
wife	1199	WIFE	noun	19
theirs	2400	THEIR	other	19
certain	509	CERTAIN	adjective	19
meek	1954	GENTLE	adjective	19
release	1095	LET GO OR SET FREE	verb	19
area	2980	AREA	noun	19
produce	2886	PRODUCE	verb	19
sap	345	SAP	noun	19
affair	2214	AFFAIR	noun	19
well	954	WELL	noun	19
open	1156	OPEN	verb	19
health	1364	HEALTHY	adjective	19
buy	1869	BUY	verb	19
last	1529	LAST (FINAL)	other	19
prison	1281	PRISON	noun	19
divorce	1134	DIVORCE	noun	19
island	622	ISLAND	noun	19
tired	1757	TIRED	adjective	19
cook	1100	COOK (SOMETHING)	verb	19
wash	1453	WASH	verb	19
dish	481	DISH	noun	19
bath	138	BATHE	verb	19
money	1559	MONEY	noun	19
girl	1646	GIRL	noun	19
urge	2881	URGE (SOMEONE)	verb	19
man	1554	MAN	noun	19
don't	813	DO	verb	19
boat	1844	BOAT	noun	19
blame	381	BLAME	noun	19
pay	718	PAY	verb	19
tremble	52	SHIVER	verb	19
night	1233	NIGHT	noun	19
figure	1945	IDOL	noun	19
suddenly	2920	SUDDENLY	other	19
master	383	MASTER	noun	19
male	1553	MALE	adjective	19
strength	202	STRENGTH	noun	19
late	477	LATE	other	19
sphere	1845	BALL	noun	19
marketplace	633	MARKET	noun	19
female	1551	FEMALE	adjective	19
sway	573	SWAY	verb	19
darkness	11	DARKNESS	noun	19
car	1111	CAR	noun	19
choose	1750	CHOOSE	verb	19
weak	1601	WEAK	adjective	19
strong	785	STRONG	adjective	19
butt	834	BUTTOCKS	noun	19
stone	857	STONE	noun	19
wall	933	WALL (OF HOUSE)	noun	19
sweep	230	SWEEP	verb	19
court	1068	COURT	noun	19
lift	501	LIFT	verb	19
approach	1778	APPROACH	verb	19
shake	1909	SHAKE	verb	19
cure	499	CURE	verb	19
play	1413	PLAY	verb	19
wait	1590	WAIT (FOR)	verb	19
try	1812	TRY	verb	19
desk	1775	TABLE	noun	19
pen	794	PEN	noun	19
hear	1408	HEAR	verb	19
air	27	AIR	noun	19
fly	1441	FLY (MOVE THROUGH AIR)	verb	19
weight	2466	WEIGHT	noun	19
strike	353	STRIKE	verb	19
tumble	2894	TUMBLE (FALL DOWN)	verb	19
wrench	1361	TOOL	noun	19
shoulder	1482	SHOULDER	noun	19
floor	1632	FLOOR	noun	19
saw	1948	SAW	noun	19
tall	711	TALL	adjective	19
razor	151	RAZOR	noun	19
empty	1624	EMPTY	adjective	19
pocket	1851	POCKET	noun	19
weapon	951	WEAPONS	noun	19
foot	1301	FOOT	noun	19
attack	722	ATTACK	noun	19
rise	568	RISE (MOVE UPWARDS)	verb	19
lock	1596	LOCK	noun	19
dull	379	BLUNT	adjective	19
move	765	MOVE	verb	19
inside	1606	INSIDE	other	19
big	1202	BIG	adjective	19
brush	1821	BRUSH	noun	19
arm	1673	ARM	noun	19
short	1645	SHORT	adjective	19
stop	2880	HALT (STOP)	verb	19
swollen	1573	SWELL	verb	19
nose	1221	NOSE	noun	19
blood	946	BLOOD	noun	19
dance	1879	DANCE	verb	19
forward	2912	FORWARD	other	19
beside	1816	BESIDE	other	19
slab	2952	SLAB	noun	19
door	1567	DOOR	noun	19
kick	1135	KICK	verb	19
silver	759	SILVER	noun	19
downward	1326	DOWN	other	19
forearm	446	LOWER ARM	noun	19
slide	1324	SLIP	verb	19
belly	1251	BELLY	noun	19
duck	1360	DUCK	noun	19
fell	355	CUT DOWN	verb	19
land	626	LAND	noun	19
wood	1803	WOOD	noun	19
breath	870	BREATH	noun	19
rib	801	RIB	noun	19
crouch	296	CROUCH	verb	19
ready	790	READY	adjective	19
hit	1433	HIT	verb	19
backward	2911	BACKWARD	other	19
arch	876	ARCH	noun	19
solid	3003	SOLID	adjective	19
roll	827	ROLL	verb	19
dead	1625	DEAD	adjective	19
soon	703	SOON	other	19
cold	1287	COLD	adjective	19
ten	1515	TEN	numeral	19
hire	3213	HIRE OR RENT	verb	19
till	1882	BEFORE	other	19
climb	1102	CLIMB	verb	19
rag	332	RAG	noun	19
wipe	1454	WIPE	verb	19
touch	1892	TOUCH	verb	19
hour	1353	HOUR	noun	19
snow	784	SNOW	noun	19
sky	1732	SKY	noun	19
hair	1040	HAIR	noun	19
key	1472	KEY	noun	19
five	493	FIVE	numeral	19
swing	2871	SWING (MOVEMENT)	verb	19
drive	741	DRIVE	verb	19
search	1468	LOOK FOR	verb	19
ground	2159	GROUND	noun	19
fork	1302	FORK	noun	19
road	667	ROAD	noun	19
half	816	HALF	noun	19
edge	863	EDGE	noun	19
pit	2539	PIT (POTHOLE)	noun	19
bag	2468	BAG	noun	19
watch	1650	WATCH	verb	19
dry	1398	DRY	adjective	19
dust	2	DUST	noun	19
soft	1856	SOFT	adjective	19
twice	1546	TWICE	other	19
ache	1815	ACHE	verb	19
drag	2030	DRAG	verb	19
die	1494	DIE	verb	19
wind	960	WIND	noun	19
kneel	66	KNEEL	verb	19
corpse	767	CORPSE	noun	19
hang	2884	HANG	verb	19
drop	750	DROP	verb	19
push	1452	PUSH	verb	19
hole	1667	HOLE	noun	19
beam	1132	BEAM	noun	19
enough	1881	ENOUGH	other	19
enter	749	ENTER	verb	19
winter	1471	WINTER	noun	19
spring	1537	SPRINGTIME	noun	19
clean	704	CLEAN	adjective	19
oil	1484	OIL (ORGANIC SUBSTANCE)	noun	19
nail	1896	FINGERNAIL OR TOENAIL	noun	19
wheel	710	WHEEL	noun	19
judge	861	JUDGE	noun	19
read	724	READ	verb	19
seek	1468	LOOK FOR	verb	19
voice	1363	VOICE	noun	19
bite	1403	BITE	verb	19
convey	2898	CONVEY (A MESSAGE)	verb	19
miss	161	MISS (A TARGET)	verb	19
wither	2907	ROT	verb	19
stick	1295	STICK	noun	19
glad	1495	HAPPY	adjective	19
rub	1449	RUB	verb	19
guilt	134	FAULT	noun	19
crime	1066	CRIME	noun	19
punishment	390	PUNISHMENT	noun	19
steal	713	STEAL	verb	19
sin	2971	SIN	noun	19
convict	983	CONVICT	verb	19
stretch	214	STRETCH	verb	19
ankle	803	ANKLE	noun	19
pull	1455	PULL	verb	19
guilty	1682	GUILTY	adjective	19
flee	956	FLEE	verb	19
table	1775	TABLE	noun	19
soldier	1941	SOLDIER	noun	19
pair	1888	PAIR	noun	19
forge	288	FORGE	verb	19
mend	2243	REPAIR	verb	19
translate	2906	TRANSLATE	verb	19
violence	2976	VIOLENCE	noun	19
shout	715	SHOUT	verb	19
blow	175	BLOW (OF WIND)	verb	19
hammer	1481	HAMMER	noun	19
secret	1121	SECRET	adjective	19
mouth	674	MOUTH	noun	19
alive	1422	BE ALIVE	verb	19
scar	497	SCAR	noun	19
wrist	799	WRIST	noun	19
dinner	1833	DINNER (SUPPER)	noun	19
guest	1782	GUEST	noun	19
acquit	988	ACQUIT	verb	19
murder	845	MURDER	noun	19
conceal	602	HIDE (CONCEAL)	verb	19
scratch	1436	SCRATCH	verb	19
fingernail	1258	FINGERNAIL	noun	19
knit	2905	KNIT	verb	19
house	1252	HOUSE	noun	19
river	666	RIVER	noun	19
flat	1633	FLAT	adjective	19
cloak	326	CLOAK	noun	19
drown	1904	DROWN	verb	19
tale	2937	FAIRY TALE	noun	19
wealth	2996	WEALTH	noun	19
evil	45	EVIL	adjective	19
brother	1262	BROTHER	noun	19
living	1422	BE ALIVE	verb	19
slip	1324	SLIP	verb	19
coldness	1287	COLD	adjective	19
kiss	578	KISS	verb	19
immediately	1963	IMMEDIATELY	other	19
village	930	VILLAGE	noun	19
fat	323	FAT (ORGANIC SUBSTANCE)	noun	19
match	1133	MATCH	noun	19
elbow	981	ELBOW	noun	19
shop	746	SHOP	noun	19
spoon	1378	SPOON	noun	19
student	753	PUPIL (STUDENT)	noun	19
fast	1631	FAST	adjective	19
space	3006	SPACE (AVAILABLE)	noun	19
country	1300	COUNTRY	noun	19
hill	614	HILL	noun	19
grease	323	FAT (ORGANIC SUBSTANCE)	noun	19
smith	1001	BLACKSMITH	noun	19
mount	705	GO UP (ASCEND)	verb	19
west	1817	WEST	noun	19
president	899	PRESIDENT	noun	19
wear	976	WEAR	verb	19
clothes	1895	CLOTHES	noun	19
queen	1306	QUEEN	noun	19
pretty	2410	GOOD-LOOKING	adjective	19
canoe	1970	CANOE	noun	19
tree	906	TREE	noun	19
press	1913	PRESS	verb	19
soup	1547	SOUP	noun	19
unite	1743	JOIN	verb	19
horse	615	HORSE	noun	19
oak	644	OAK	noun	19
north	1598	NORTH	noun	19
mountain	639	MOUNTAIN	noun	19
host	1545	HOST	noun	19
sleep	1585	SLEEP	verb	19
chain	1627	CHAIN	noun	19
several	1241	SOME	other	19
shelter	1678	HUT	noun	19
log	1803	WOOD	noun	19
blanket	806	BLANKET	noun	19
hunt	1435	HUNT	verb	19
fish	227	FISH	noun	19
bait	2013	BAIT	noun	19
chop	2149	CHOP (INTO PIECES)	verb	19
morning	1339	MORNING	noun	19
game	2467	GAME	noun	19
deer	1936	DEER	noun	19
ax	677	AXE	noun	19
sharp	1396	SHARP	adjective	19
zero	1294	ZERO	numeral	19
cause	860	CAUSE	noun	19
cast	211	CAST	verb	19
liberate	37	LIBERATE	verb	19
king	1508	KING	noun	19
chief	301	CHIEFTAIN	noun	19
uncle	1327	UNCLE	noun	19
thunder	1150	THUNDER	noun	19
found	719	FIND	verb	19
plain	652	PLAIN	noun	19
forest	420	FOREST	noun	19
good	1035	GOOD	adjective	19
hut	1678	HUT	noun	19
branch	1531	BRANCH	noun	19
near-by	1942	NEAR	adjective	11
tongue	1205	TONGUE	noun	19
ox	1169	OX	noun	19
green	1425	GREEN	adjective	19
beneath	1485	BELOW OR UNDER	other	19
pine	1740	PINE	noun	19
carve	228	CARVE	verb	19
increase	1041	INCREASE	verb	19
slow	701	SLOW	adjective	19
send	1127	SEND	verb	19
six	1703	SIX	numeral	19
study	1929	STUDY	verb	19
season	691	SEASON	noun	19
brain	1583	BRAIN	noun	19
preach	304	PREACH	verb	19
intention	1162	INTENTION	noun	19
sole	2666	SOLE (FOOT)	noun	19
belt	772	BELT	noun	19
middle	1093	MIDDLE	other	19
teach	709	TEACH	verb	19
suspect	1841	SUSPECT	verb	19
message	2961	MESSAGE	noun	19
flock	2939	FLOCK (OF ANIMALS)	noun	19
crowd	2023	CROWD	noun	19
wise	698	WISE	adjective	19
dear	2470	DEAR	adjective	19
ill	1847	SICK	adjective	19
certainly	509	CERTAIN	adjective	19
yes	1268	YES	other	19
price	657	PRICE	noun	19
faithful	100	FAITHFUL	adjective	19
count	1420	COUNT	verb	19
length	2537	LENGTH	noun	19
round	1395	ROUND	adjective	19
bus	1070	BUS	noun	19
star	1430	STAR	noun	19
window	1375	WINDOW	noun	19
dirty	1230	DIRTY	adjective	19
listen	1608	LISTEN	verb	19
fetid	42	STINKING	adjective	19
anger	82	ANGER	noun	19
quiet	1314	QUIET	adjective	19
sweetness	717	SWEET	adjective	19
stay	987	REMAIN	verb	19
damage	2947	DAMAGE (INJURY)	noun	19
field	212	FIELD	noun	19
gold	1369	GOLD	noun	19
coast	1525	COAST	noun	19
finish	1766	FINISH	verb	19
drink	1401	DRINK	verb	19
kill	1417	KILL	verb	19
promise	1675	PROMISE	verb	19
sickness	1986	DISEASE	noun	19
seven	1704	SEVEN	numeral	19
baby	1289	BABY	noun	19
mother	1216	MOTHER	noun	19
aunt	1272	AUNT	noun	19
quickly	1631	FAST	adjective	19
sorry	1875	REGRET	verb	19
bright	679	BRIGHT	adjective	19
cousin	1643	COUSIN	noun	19
orphan	1149	ORPHAN	noun	19
dad	1217	FATHER	noun	19
daughter	1357	DAUGHTER	noun	19
week	1469	WEEK	noun	19
piece	594	PIECE	noun	19
dream	2374	DREAM	noun	19
burn	2102	BURN	verb	19
notice	2893	NOTICE (SOMETHING)	verb	19
stupid	1518	STUPID	adjective	19
news	2964	NEWS	noun	19
pick	2148	PICK	verb	19
ring	1374	RING	noun	19
lunch	768	LUNCH	noun	19
smile	1451	SMILE	verb	19
sorrow	1668	GRIEF	noun	19
bow	994	BOW	noun	19
ship	740	SHIP	noun	19
elderly	2112	OLD (AGED)	other	19
dark	706	DARK	adjective	19
gay	1495	HAPPY	adjective	19
poor	1674	POOR	adjective	19
powerful	3001	POWERFUL	adjective	19
similar	1558	SIMILAR	adjective	19
deny	755	DENY	verb	19
sell	1571	SELL	verb	19
word	1599	WORD	noun	19
wide	1243	WIDE	adjective	19
debt	1914	DEBT	noun	19
sharpen	251	SHARPEN (SOMETHING)	verb	19
separate	1359	SEPARATE	verb	19
distance	2978	DISTANCE	noun	19
soil	1228	EARTH (SOIL)	noun	19
sea	1474	SEA	noun	19
meal	1526	MEAL	noun	19
prevent	1550	PREVENT	verb	19
market	633	MARKET	noun	19
boot	585	BOOT	noun	19
blue	837	BLUE	adjective	19
loom	1787	LOOM	noun	19
collar	2012	COLLAR	noun	19
calculate	2867	CALCULATE	verb	19
machine	144	MACHINE	noun	19
garden	586	GARDEN	noun	19
sit	1416	SIT	verb	19
happy	1495	HAPPY	adjective	19
straight	1404	STRAIGHT	adjective	19
sew	1457	SEW	verb	19
button	757	BUTTON	noun	19
calm	258	CALM	adjective	19
relax	168	REST	verb	19
needle	1382	NEEDLE (FOR SEWING)	noun	19
pin	64	PIN	noun	19
hook	1071	HOOK	noun	19
braid	1043	BRAID	noun	19
rug	292	RUG	noun	19
candy	874	CANDY	noun	19
chair	1476	CHAIR	noun	19
chest	1592	CHEST	noun	19
wax	1931	BEESWAX	noun	19
ball	1845	BALL	noun	19
coin	1867	COIN	noun	19
salt	1274	SALT	noun	19
pepper	1385	PEPPER	noun	19
dog	2009	DOG	noun	19
shell	598	SHELL	noun	19
leaf	628	LEAF	noun	19
color	1613	COLOR	noun	19
flower	239	FLOWER	noun	19
item	2981	ITEM	noun	19
sweet	717	SWEET	adjective	19
luck	720	GOOD LUCK	noun	19
chicken	1318	CHICKEN	noun	19
insect	620	INSECT	noun	19
animal	619	ANIMAL	noun	19
bird	937	BIRD	noun	19
nest	539	NEST	noun	19
hive	88	BEEHIVE	noun	19
visible	1868	VISIBLE	adjective	19
destroy	681	DESTROY	verb	19
lend	582	LEND	verb	19
hasten	754	HURRY	verb	19
heaven	1565	HEAVEN	noun	19
tie	1917	TIE	verb	19
mirror	1171	MIRROR	noun	19
spade	1176	SPADE	noun	19
widow	1756	WIDOW	noun	19
good-looking	2410	GOOD-LOOKING	adjective	19
earn	733	EARN	verb	19
pound	354	POUND	verb	19
danger	1810	DANGER	noun	19
bunch	1966	BUNCH	noun	19
guess	1932	GUESS	verb	19
forehead	123	FOREHEAD	noun	19
tomorrow	1329	TOMORROW	other	19
wish	1784	WANT	verb	19
seize	855	SEIZE	verb	19
cheap	1887	CHEAP	adjective	19
store	752	STORE	noun	19
grab	855	SEIZE	verb	19
bother	2869	BOTHER (HARASS)	verb	19
noon	12	MIDDAY	noun	19
sunday	1699	SUNDAY	noun	19
quick	1631	FAST	adjective	19
dress	474	DRESS	noun	19
wrong	1390	WRONG	adjective	19
wake	3174	WAKE UP (SOMEONE)	verb	19
cigarette	969	CIGARETTE	noun	19
bottom	690	BOTTOM	noun	19
liver	1224	LIVER	noun	19
cat	1208	CAT	noun	19
pity	1141	PITY	noun	19
spoil	92	SPOIL (SOMEBODY OR SOMETHING)	verb	19
sand	671	SAND	noun	19
fault	134	FAULT	noun	19
leg	1297	LEG	noun	19
death	910	DEATH	noun	19
coat	603	COAT	noun	19
brick	1006	BRICK	noun	19
rough	1923	ROUGH	adjective	19
mortar	224	MORTAR	noun	19
squeeze	1414	SQUEEZE	verb	19
flow	2003	FLOW	verb	19
obscure	1764	OBSCURE	adjective	19
thick	1244	THICK	adjective	19
shadow	1388	SHADE	noun	19
fine	218	FINE (PENALTY)	noun	19
repair	2243	REPAIR	verb	19
mix	2017	MIX	verb	19
tone	2995	TONE (MUSIC)	noun	19
jump	1829	JUMP	verb	19
shade	1388	SHADE	noun	19
light	1052	LIGHT (WEIGHT)	adjective	19
raw	1959	RAW	adjective	19
yellow	1424	YELLOW	adjective	19
chill	2932	COLD (CHILL)	noun	19
difficult	584	DIFFICULT	adjective	19
grind	1033	GRIND	verb	19
wet	1726	WET	adjective	19
basket	1539	BASKET	noun	19
kitty	1208	CAT	noun	19
hawk	307	HAWK	noun	19
plank	1227	BOARD	noun	19
tool	1361	TOOL	noun	19
mist	249	FOG	noun	19
painting	3303	PICTURE (PAINTING)	noun	19
former	3004	FORMER	adjective	19
source	849	SPRING (OF WATER)	noun	19
rain	658	RAIN (PRECIPITATION)	noun	19
damp	2998	DAMP	adjective	19
summer	1342	SUMMER	noun	19
negative	1240	NOT	other	19
pursue	1047	PURSUE	verb	19
forbid	83	FORBID	verb	19
black	163	BLACK	adjective	19
condemn	484	CONDEMN	verb	19
pregnant	1123	PREGNANT	adjective	19
wagon	122	CART	noun	19
load	1679	LOAD	noun	19
kid	1972	KID	noun	19
bull	1008	BULL	noun	19
chew	321	CHEW	verb	19
laugh	1355	LAUGH	verb	19
proud	174	PROUD	adjective	19
succeed	1112	SUCCEED	verb	19
cheek	1730	CHEEK	noun	19
corner	192	CORNER	noun	19
guard	1940	GUARD	noun	19
leather	629	LEATHER	noun	19
string	362	STRING	noun	19
pan	31	PAN	noun	19
afternoon	1807	AFTERNOON	noun	19
regret	1875	REGRET	verb	19
cow	1007	COW	noun	19
meadow	2819	GRASSLAND	noun	19
pierce	398	PIERCE	verb	19
cattle	1153	CATTLE	noun	19
lake	624	LAKE	noun	19
feed	739	FEED	verb	19
track	318	FOOTPRINT	noun	19
valley	921	VALLEY	noun	19
wave	978	WAVE	noun	19
snake	730	SNAKE	noun	19
rabbit	1136	RABBIT	noun	19
row	1849	ROW	verb	19
tower	1671	TOWER	noun	19
foreign	109	FOREIGN	adjective	19
rescue	2008	RESCUE	verb	19
paper	648	PAPER	noun	19
glue	1069	GLUE	noun	19
charcoal	1188	CHARCOAL	noun	19
cloth	1616	CLOTH	noun	19
fruit	1507	FRUIT	noun	19
grape	920	GRAPE	noun	19
save	2008	RESCUE	verb	19
dense	2239	DENSE	adjective	19
path	2252	PATH	noun	19
fold	1470	FOLD	verb	19
rat	1490	RAT	noun	19
correct	1725	CORRECT (RIGHT)	adjective	19
conversation	2933	CONVERSATION	noun	19
knot	760	KNOT	noun	19
bundle	2943	BUNDLE	noun	19
army	1561	ARMY	noun	19
ear	1247	EAR	noun	19
bread	1368	BREAD	noun	19
food	256	FOOD	noun	19
custom	1747	CUSTOM	noun	19
instrument	1361	TOOL	noun	19
anxiety	1000	ANXIETY	noun	19
instantly	2916	INSTANTLY (IMMEDIATELY)	other	19
blunt	379	BLUNT	adjective	19
hate	1607	HATE	verb	19
sibling	1640	SIBLING	noun	19
dawn	729	DAWN	noun	19
sink	1088	SINK (DESCEND)	verb	19
shirt	1622	SHIRT	noun	19
bent	297	CROOKED	adjective	19
whisper	55	WHISPER	verb	19
clay	1399	CLAY	noun	19
choke	129	CHOKE	verb	19
hug	928	EMBRACE	verb	19
embrace	928	EMBRACE	verb	19
stallion	936	STALLION	noun	19
mare	938	MARE	noun	19
heat	612	HEAT	noun	19
paw	2965	PAW	noun	19
flesh	2259	FLESH	noun	19
neck	1333	NECK	noun	19
bump	1903	SWELLING	noun	19
crazy	1899	MAD	adjective	19
quiver	52	SHIVER	verb	19
yard	736	YARD	noun	19
ride	367	RIDE	verb	19
moon	1313	MOON	noun	19
campfire	2986	CAMPFIRE	noun	19
bone	1394	BONE	noun	19
gray	153	GREY	adjective	19
feather	1201	FEATHER	noun	19
red	156	RED	adjective	19
fence	1690	FENCE	noun	19
dirt	25	DIRT	noun	19
cloud	1489	CLOUD	noun	19
earth	1228	EARTH (SOIL)	noun	19
prairie	2819	GRASSLAND	noun	19
fan	1971	FAN (OBJECT)	noun	19
swear	1939	SWEAR	verb	19
exit	1752	LEAVE	verb	19
blind	1653	BLIND	adjective	19
shin	186	SHIN	noun	19
oven	1143	OVEN	noun	19
ornament	917	ORNAMENT	noun	19
imitate	117	IMITATE	verb	19
sol	1343	SUN	noun	19
alike	1558	SIMILAR	adjective	19
splash	365	SPLASH	verb	19
stroke	2993	STROKE (OF PEN)	noun	19
expensive	1426	EXPENSIVE	adjective	19
connect	2862	CONNECT	verb	19
improve	2872	IMPROVE (SOMETHING)	verb	19
government	815	GOVERNMENT	noun	19
borrow	1823	BORROW	verb	19
obtain	694	GET	verb	19
vulture	1185	VULTURE	noun	19
tail	1220	TAIL	noun	19
bark	1204	BARK	noun	19
arrive	1387	ARRIVE	verb	19
weigh	1098	WEIGH	verb	19
await	1590	WAIT (FOR)	verb	19
split	1437	SPLIT	verb	19
fox	1312	FOX	noun	19
tooth	1380	TOOTH	noun	19
announce	9	ANNOUNCE	verb	19
bind	1917	TIE	verb	19
narrow	1267	NARROW	adjective	19
fringe	2989	FRINGE	noun	19
evening	1629	EVENING	noun	19
cool	2483	COLD (OF WEATHER)	adjective	19
weave	133	WEAVE	verb	19
breakfast	1322	BREAKFAST	noun	19
wing	1257	WING	noun	19
float	1574	FLOAT	verb	19
turtle	112	TURTLE	noun	19
midday	12	MIDDAY	noun	19
wrap	1113	WRAP	verb	19
attractive	2410	GOOD-LOOKING	adjective	19
motor	110	MOTOR	noun	19
dough	273	DOUGH	noun	19
height	2985	HEIGHT	noun	19
mason	877	MASON	noun	19
corn	506	MAIZE	noun	19
join	1743	JOIN	verb	19
acid	1906	SOUR	adjective	19
bridge	1011	BRIDGE	noun	19
spin	121	SPIN	verb	19
decay	2907	ROT	verb	19
disappear	485	DISAPPEAR	verb	19
brackish	70	BRACKISH	adjective	19
injury	2947	DAMAGE (INJURY)	noun	19
grave	1773	GRAVE	noun	19
yesterday	1174	YESTERDAY	other	19
servant	255	SERVANT	noun	19
magic	392	MAGIC	noun	19
cape	1662	CAPE	noun	19
illness	1986	DISEASE	noun	19
mail	167	MAIL	noun	19
slave	812	SLAVE	noun	19
heap	2984	HEAP	noun	19
wednesday	1694	WEDNESDAY	noun	19
owe	369	OWE	verb	19
stranger	791	STRANGER	noun	19
wealthy	712	RICH	adjective	19
stove	859	STOVE	noun	19
ripe	178	RIPE	adjective	19
breathe	1407	BREATHE	verb	19
brave	3	BRAVE	adjective	19
silent	48	BE SILENT	verb	19
hell	878	HELL	noun	19
foolish	1518	STUPID	adjective	19
rear	2134	RAISE (BRING UP)	verb	19
gate	2940	GATE	noun	19
tether	2891	TIE UP (TETHER)	verb	19
bat	1793	BAT	noun	19
temple	911	TEMPLE	noun	19
chase	1047	PURSUE	verb	19
rope	1218	ROPE	noun	19
swarm	2974	SWARM (OF BIRDS)	noun	19
yell	715	SHOUT	verb	19
dash	2863	DASH (OF VEHICLE)	verb	19
crawl	96	CRAWL	verb	19
peg	361	PEG	noun	19
pouch	2951	POUCH	noun	19
flame	889	FLAME	noun	19
shield	1064	SHIELD	noun	19
roof	769	ROOF	noun	19
ugly	1548	UGLY	adjective	19
clothing	1895	CLOTHES	noun	19
sing	1261	SING	verb	19
adultery	902	ADULTERY	noun	19
skilful	1824	DEXTEROUS	adjective	19
severe	419	SEVERE	adjective	19
song	1096	SONG	noun	19
numerous	1198	MANY	other	19
swift	1631	FAST	adjective	19
quarrel	1848	QUARREL	noun	19
cord	1218	ROPE	noun	19
cup	476	CUP	noun	19
ice	617	ICE	noun	19
bottle	1321	BOTTLE	noun	19
shoot	1172	SHOOT	verb	19
skin	763	SKIN	noun	19
dig	1418	DIG	verb	19
swallow	897	SWALLOW	verb	19
rice	926	RICE	noun	19
eat	1336	EAT	verb	19
grain	605	GRAIN	noun	19
drip	2253	DRIP (EMIT LIQUID)	verb	19
vine	343	VINE	noun	19
egg	744	EGG	noun	19
shelf	745	SHELF	noun	19
rafter	829	RAFTER	noun	19
hungry	1533	BE HUNGRY	verb	19
shoe	1381	SHOE	noun	19
drug	1372	MEDICINE	noun	19
chimney	1305	CHIMNEY	noun	19
wedding	1259	WEDDING	noun	19
vagina	1836	VAGINA	noun	19
physician	597	PHYSICIAN	noun	19
marry	203	MARRY	verb	19
error	1293	MISTAKE	noun	19
boast	101	BOAST	verb	19
boundary	1010	BOUNDARY	noun	19
steam	1193	STEAM	noun	19
willow	818	WILLOW	noun	19
melt	2334	MELT	verb	19
pot	1462	POT	noun	19
noise	1182	NOISE	noun	19
shore	113	SHORE	noun	19
pony	1647	FOAL	noun	19
knife	1352	KNIFE	noun	19
crow	913	CROW	noun	19
thread	1161	THREAD	noun	19
herd	2885	HERD (SOMETHING)	verb	19
bake	183	BAKE	verb	19
wolf	522	WOLF	noun	19
medicine	1372	MEDICINE	noun	19
retreat	421	RETREAT	verb	19
bitterness	887	BITTER	adjective	19
loud	377	LOUD	adjective	19
arrow	977	ARROW	noun	19
dive	119	DIVE	verb	19
devil	1973	DEMON	noun	19
howl	526	HOWL	verb	19
skinny	1400	THIN (SLIM)	adjective	19
kidney	489	KIDNEY	noun	19
pasture	649	PASTURE	noun	19
brag	101	BOAST	verb	19
defeat	782	DEFEAT	noun	19
bowl	1530	BOWL	noun	19
salary	718	PAY	verb	19
stingy	1774	STINGY	adjective	19
bush	1683	BUSH	noun	19
shine	708	SHINE	verb	19
comb	1475	COMB	noun	19
sun	1343	SUN	noun	19
knock	2396	KNOCK	verb	19
shy	487	SHY	adjective	19
skirt	1600	SKIRT	noun	19
curse	8	CURSE	verb	19
one-	1493	ONE	numeral	11
demolish	681	DESTROY	verb	19
dowry	3168	DOWRY	noun	19
stepmother	236	STEPMOTHER	noun	19
niece	1642	NIECE	noun	19
vomit	1278	VOMIT	verb	19
hatchet	677	AXE	noun	19
cease	1928	CEASE	verb	19
pole	281	POST	noun	19
carcass	1770	CARCASS	noun	19
reef	660	REEF	noun	19
cave	1155	CAVE	noun	19
smoke	778	SMOKE (EXHAUST)	noun	19
toe	1389	TOE	noun	19
rake	338	RAKE	noun	19
roar	2876	ROAR (OF SEA)	verb	19
tip	2992	TIP (OF OBJECT)	noun	19
noose	2604	NOOSE	noun	19
bruise	1148	BRUISE	noun	19
claw	72	CLAW	noun	19
spit	1440	SPIT	verb	19
soul	811	SOUL	noun	19
obey	1635	OBEY	verb	19
wicked	45	EVIL	adjective	19
envy	40	ENVY	noun	19
bee	665	BEE	noun	19
surrender	1696	SURRENDER	verb	19
ditch	2002	DITCH	noun	19
guide	43	LEAD (GUIDE)	verb	19
teeth	1380	TOOTH	noun	19
veil	1151	VEIL	noun	19
latch	1012	LATCH	noun	19
jail	1281	PRISON	noun	19
prisoner	1072	PRISONER	noun	19
dispel	30	DISPEL	verb	19
ladder	1464	LADDER	noun	19
mouse	1491	MOUSE	noun	19
prostitute	1610	PROSTITUTE	noun	19
carpet	292	RUG	noun	19
soft-	1856	SOFT	adjective	11
cotton	1850	COTTON	noun	19
high-	1265	HIGH	adjective	11
grey	153	GREY	adjective	19
protect	2900	PROTECT	verb	19
donkey	1862	DONKEY	noun	19
postcard	1497	POSTCARD	noun	19
elder	2112	OLD (AGED)	other	19
eagle	1905	EAGLE	noun	19
flood	613	HIGH TIDE	noun	19
saturday	1700	SATURDAY	noun	19
precious	3002	PRECIOUS	adjective	19
thursday	1693	THURSDAY	noun	19
injection	1805	INJECTION	noun	19
copper	1825	COPPER	noun	19
plate	480	PLATE	noun	19
donate	196	DONATE	verb	19
mold	289	MOLD	verb	19
companion	1325	FRIEND	noun	19
peel	275	PEEL	verb	19
chin	1510	CHIN	noun	19
calf	1989	CALF	noun	19
seed	714	SEED	noun	19
vegetable	924	VEGETABLES	noun	19
broth	1547	SOUP	noun	19
victory	783	VICTORY	noun	19
meat	634	MEAT	noun	19
bean	832	BEAN	noun	19
potato	593	POTATO	noun	19
forgive	1528	FORGIVE	verb	19
ye	1213	YOU	other	19
pray	24	PRAY	verb	19
honey	942	HONEY	noun	19
ewe	1345	EWE	noun	19
long-	1203	LONG	adjective	11
weather	952	WEATHER	noun	19
sister	1263	SISTER	noun	19
hunger	1864	HUNGER	noun	19
sack	2990	SACK	noun	19
mud	640	MUD	noun	19
storm	858	STORM	noun	19
jaw	798	JAW	noun	19
shark	1110	SHARK	noun	19
worm	1219	WORM	noun	19
mad	1899	MAD	adjective	19
castle	1938	FORTRESS	noun	19
moor	2962	MOORLAND	noun	19
feverish	1847	SICK	adjective	19
ash	646	ASH	noun	19
rinse	2904	RINSE	verb	19
roast	1962	ROAST (SOMETHING)	verb	19
saucer	271	SAUCER	noun	19
wine-	1524	WINE	noun	11
freeze	1431	FREEZE	verb	19
towel	1021	TOWEL	noun	19
cooking	1100	COOK (SOMETHING)	verb	19
fireplace	185	FIREPLACE	noun	19
supper	1833	DINNER (SUPPER)	noun	19
beer	1639	BEER	noun	19
sausage	1874	SAUSAGE	noun	19
sugar	862	SUGAR	noun	19
chili	919	CHILI PEPPER	noun	19
tasty	1813	TASTY	adjective	19
spear	945	SPEAR	noun	19
prick	1434	STAB	verb	19
pinch	378	PINCH	verb	19
milk	635	MILK	noun	19
knead	274	KNEAD	verb	19
flour	1594	FLOUR	noun	19
butter	1245	BUTTER	noun	19
nut	191	NUT	noun	19
disease	1986	DISEASE	noun	19
descendant	490	DESCENDANTS	noun	19
innocent	90	INNOCENT	adjective	19
twin	1005	TWINS	noun	19
infant	1289	BABY	noun	19
sail	787	SAIL	verb	19
ancestor	1669	ANCESTORS	noun	19
statue	1002	STATUE	noun	19
mosque	1603	MOSQUE	noun	19
emperor	1508	KING	noun	19
ocean	645	OCEAN	noun	19
anchor	1870	ANCHOR	noun	19
fountain	849	SPRING (OF WATER)	noun	19
tomb	1773	GRAVE	noun	19
pointed	372	POINTED	adjective	19
sword	1535	SWORD	noun	19
utensil	1361	TOOL	noun	19
jewel	1029	JEWEL	noun	19
formerly	2914	ONCE (IN THE PAST)	other	19
plow	2154	PLOUGH (INSTRUMENT)	noun	19
lizard	632	LIZARD	noun	19
misfortune	56	BAD LUCK	noun	19
rooster	1511	ROOSTER	noun	19
mill	636	MILL	noun	19
pill	395	PILL	noun	19
carpenter	1042	CARPENTER	noun	19
leak	2253	DRIP (EMIT LIQUID)	verb	19
squat	296	CROUCH	verb	19
rape	953	RAPE	noun	19
breast	1402	BREAST	noun	19
skull	1605	SKULL	noun	19
berry	904	BERRY	noun	19
swell	1573	SWELL	verb	19
stomach	819	STOMACH	noun	19
goose	1187	GOOSE	noun	19
furrow	1794	FURROW	noun	19
reap	190	MOW	verb	19
sow	1351	SOW (FEMALE PIG)	noun	19
tender	1954	GENTLE	adjective	19
breathing	1407	BREATHE	verb	19
lung	688	LUNG	noun	19
spleen	1744	SPLEEN	noun	19
spine	805	SPINE	noun	19
palm	1183	PALM OF HAND	noun	19
clan	302	CLAN	noun	19
battle-ax	386	BATTLE-AXE	noun	19
mast	184	MAST	noun	19
ascend	705	GO UP (ASCEND)	verb	19
salty	1091	SALTY	adjective	19
clever	1310	CLEVER	adjective	19
heaviness	1210	HEAVY	adjective	19
happiness	2941	HAPPINESS	noun	19
nephew	1063	NEPHEW	noun	19
limp	366	LIMP	verb	19
lazy	1564	LAZY	adjective	19
hip	1745	HIP	noun	19
doorway	1567	DOOR	noun	19
laughter	2958	LAUGHTER	noun	19
budge	2861	BUDGE (ONESELF)	verb	19
headland	1662	CAPE	noun	19
clock	1323	CLOCK	noun	19
injure	44	INJURE	verb	19
drill	1501	BORE	verb	19
jar	1462	POT	noun	19
plume	1201	FEATHER	noun	19
dwell	363	DWELL (LIVE, RESIDE)	verb	19
whistle	1025	WHISTLE	verb	19
shovel	1901	SHOVEL	noun	19
cough	879	COUGH	verb	19
mustache	1165	MOUSTACHE	noun	19
cock	1511	ROOSTER	noun	19
axe	677	AXE	noun	19
shit	676	SHIT (DEFECATE)	verb	19
thaw	2887	THAW (DEW)	verb	19
oat	60	OAT	noun	19
autumn	1276	AUTUMN	noun	19
grandchild	1617	GRANDCHILD	noun	19
healthy	1364	HEALTHY	adjective	19
boss	2930	BOSS	noun	19
courageous	3	BRAVE	adjective	19
monte	1683	BUSH	noun	19
sheep	1331	SHEEP	noun	19
hog	1337	PIG	noun	19
pumpkin	864	PUMPKIN	noun	19
ghost	1175	GHOST	noun	19
going	695	GO	verb	19
fever	1534	FEVER	noun	19
shiver	52	SHIVER	verb	19
sculptor	914	SCULPTOR	noun	19
swim	1439	SWIM	verb	19
bury	1719	BURY	verb	19
grief	1668	GRIEF	noun	19
fathom	81	FATHOM	noun	19
deaf	996	DEAF	adjective	19
jug	270	JUG	noun	19
strap	2973	STRAP	noun	19
ware	2957	WARE	noun	19
oath	1712	OATH	noun	19
thief	1160	THIEF	noun	19
fur	580	FUR	noun	19
lamb	820	LAMB	noun	19
earring	770	EARRING	noun	19
heel	980	HEEL	noun	19
raft	1664	RAFT	noun	19
perjury	1792	PERJURY	noun	19
defendant	1034	DEFENDANT	noun	19
limb	1531	BRANCH	noun	19
labour	984	WORK (LABOUR)	noun	19
jog	2899	JOG (SOMETHING)	verb	19
lanza	945	SPEAR	noun	19
insane	1899	MAD	adjective	19
lightning	1654	LIGHTNING	noun	19
goodness	1035	GOOD	adjective	19
mat	195	MAT	noun	19
chisel	1979	CHISEL	noun	19
beard	678	BEARD	noun	19
sour	1906	SOUR	adjective	19
buttock	834	BUTTOCKS	noun	19
fig	322	FIG	noun	19
stocking	329	STOCKING	noun	19
flea	232	FLEA	noun	19
rot	569	SPOIL (BECOME SPOILED)	verb	19
fortress	1938	FORTRESS	noun	19
cane	1296	WALKING STICK	noun	19
softness	1856	SOFT	adjective	19
goat	1502	GOAT	noun	19
teat	796	NIPPLE	noun	19
upwards	1591	UP	other	19
idol	1945	IDOL	noun	19
tobacco	974	TOBACCO	noun	19
fog	249	FOG	noun	19
stump	241	TREE STUMP	noun	19
repent	1875	REGRET	verb	19
whale	957	WHALE	noun	19
port	610	PORT	noun	19
jungle	420	FOREST	noun	19
second-	1384	SECOND	other	11
third-	1859	THIRD	other	11
waterfall	943	WATERFALL	noun	19
grandfather	1383	GRANDFATHER	noun	19
garment	1895	CLOTHES	noun	19
candle	1273	CANDLE	noun	19
underneath	1485	BELOW OR UNDER	other	19
grandmother	1496	GRANDMOTHER	noun	19
stool	2058	STOOL	noun	19
chieftain	301	CHIEFTAIN	noun	19
stall	851	STABLE	noun	19
lightweight	1052	LIGHT (WEIGHT)	adjective	19
bolt	2007	BOLT (OF LIGHTNING)	noun	19
linen	916	LINEN	noun	19
abdomen	1251	BELLY	noun	19
pupil	753	PUPIL (STUDENT)	noun	19
ass	1862	DONKEY	noun	19
hen	1514	HEN	noun	19
dos	1498	TWO	numeral	19
alcohol	404	ALCOHOL (FERMENTED DRINK)	noun	19
ant	587	ANT	noun	19
slim	1400	THIN (SLIM)	adjective	19
bathe	138	BATHE	verb	19
wool	964	WOOL	noun	19
trunk	344	TREE TRUNK	noun	19
livestock	631	LIVESTOCK	noun	19
dolphin	1479	DOLPHIN	noun	19
nasty	419	SEVERE	adjective	19
suffering	1783	PAIN	noun	19
frost	2034	FROST	noun	19
eyebrow	1173	EYEBROW	noun	19
waist	1681	WAIST	noun	19
trap	1075	TRAP (PITFALL)	noun	19
beech	1950	BEECH	noun	19
mosquito	1509	MOSQUITO	noun	19
dye	157	DYE	verb	19
chat	2903	CHAT (WITH SOMEBODY)	verb	19
gill	1916	GILL	noun	19
hinder	554	HINDER	verb	19
thou	1215	THOU	other	19
shriek	298	SHRIEK	verb	19
spider	843	SPIDER	noun	19
springtime	1537	SPRINGTIME	noun	19
wheat	1077	WHEAT	noun	19
bead	1860	BEAD	noun	19
fin	213	FIN	noun	19
done	813	DO	verb	19
squash	864	PUMPKIN	noun	19
mule	890	MULE	noun	19
thirst	848	THIRST	noun	19
cart	122	CART	noun	19
flute	777	FLUTE	noun	19
mano	1277	HAND	noun	19
axle	1769	AXLE	noun	19
sniff	375	SNIFF	verb	19
bough	346	BANYAN	noun	19
beggar	1934	BEGGAR	noun	19
eyelid	17	EYELID	noun	19
scold	299	SCOLD	verb	19
groan	716	GROAN	verb	19
fragrant	376	FRAGRANT	adjective	19
flying	1441	FLY (MOVE THROUGH AIR)	verb	19
avaricious	1774	STINGY	adjective	19
affirmative	1268	YES	other	19
trough	205	TROUGH	noun	19
necklace	1961	NECKLACE	noun	19
web	1065	SPIDER WEB	noun	19
w-i-d-e	1243	WIDE	adjective	11
light-weight	1052	LIGHT (WEIGHT)	adjective	11
mute	1666	MUTE	adjective	19
mumble	128	MUMBLE	verb	19
ram	1344	RAM	noun	19
rotten	1728	ROTTEN	adjective	19
itch	148	ITCH	noun	19
remains	838	REMAINS	noun	19
shallow	193	SHALLOW	adjective	19
blacksmith	1001	BLACKSMITH	noun	19
hay	342	HAY	noun	19
stink	1587	SMELL (STINK)	verb	19
freeman	384	FREEMAN	noun	19
beverage	731	BEVERAGE	noun	19
footstep	318	FOOTPRINT	noun	19
crooked	297	CROOKED	adjective	19
twig	3222	TWIG	noun	19
tinkle	2888	TINKLE	verb	19
stab	1434	STAB	verb	19
colour	1613	COLOR	noun	19
pee	592	PISS	verb	19
leash	2959	LEASH	noun	19
grandson	1618	GRANDSON	noun	19
offering	1103	SACRIFICE	noun	19
hearth	185	FIREPLACE	noun	19
demon	1973	DEMON	noun	19
helmet	1680	HELMET	noun	19
sinew	1137	TENDON	noun	19
hunting	1435	HUNT	verb	19
tent	1316	TENT	noun	19
blister	1584	BLISTER	noun	19
eyeball	1248	EYE	noun	19
thumb	1781	THUMB	noun	19
beget	1152	BEGET	verb	19
ripen	179	RIPEN	verb	19
suck	1421	SUCK	verb	19
ointment	1926	OINTMENT	noun	19
petroleum	650	PETROLEUM	noun	19
daytime	1225	DAY (NOT NIGHT)	noun	19
middle-	1093	MIDDLE	other	11
over-	1741	ABOVE	other	11
lacquer	647	PAINT (PIGMENTS)	noun	19
uno	1493	ONE	numeral	19
mainland	166	MAINLAND	noun	19
defecate	676	SHIT (DEFECATE)	verb	19
spittle	1503	SALIVA	noun	19
hardness	1884	HARD	adjective	19
gourd	411	GOURD	noun	19
swamp	1145	SWAMP	noun	19
burning	1428	BURNING	verb	19
padlock	336	PADLOCK	noun	19
thresh	285	THRESH	verb	19
pig	1337	PIG	noun	19
dribble	268	DRIBBLE	verb	19
dew	1977	DEW	noun	19
sneeze	1621	SNEEZE	verb	19
outrigger	416	OUTRIGGER	noun	19
lagoon	623	LAGOON	noun	19
thirsty	847	THIRSTY	adjective	19
tortoise	895	TORTOISE	noun	19
pizza	256	FOOD	noun	19
statute	1002	STATUE	noun	19
crocodile	1857	CROCODILE	noun	19
mid	1093	MIDDLE	other	19
backbone	805	SPINE	noun	19
unripe	1958	UNRIPE	adjective	19
paddle	234	PADDLE	noun	19
extinguish	127	EXTINGUISH	verb	19
foam	1768	FOAM	noun	19
tendon	1137	TENDON	noun	19
magician	2137	MAGICIAN	noun	19
honeybee	665	BEE	noun	19
perish	2865	DIE (FROM ACCIDENT)	verb	19
louse	1392	LOUSE	noun	19
armor	1061	ARMOUR	noun	19
saliva	1503	SALIVA	noun	19
fry	991	FRY	verb	19
backwards	2911	BACKWARD	other	19
nostril	1178	NOSTRIL	noun	19
mucus	208	NASAL MUCUS (SNOT)	noun	19
adjudicate	1818	ADJUDICATE	verb	19
stealing	713	STEAL	verb	19
rainbow	1733	RAINBOW	noun	19
barley	932	BARLEY	noun	19
tuber	670	ROOT	noun	19
rye	23	RYE	noun	19
omen	107	OMEN	noun	19
greedy	2018	GREEDY	adjective	19
nipple	796	NIPPLE	noun	19
bracelet	1754	BRACELET	noun	19
scissors	356	SHEARS	noun	19
perforate	1501	BORE	verb	19
grassland	2819	GRASSLAND	noun	19
made	734	MAKE	verb	19
irrigate	3078	IRRIGATE	verb	19
delicious	1813	TASTY	adjective	19
famine	199	FAMINE	noun	19
broom	245	BROOM	noun	19
adobe	901	ADOBE	noun	19
fowl	265	FOWL	noun	19
armour	1061	ARMOUR	noun	19
untie	352	UNTIE	verb	19
swelling	1903	SWELLING	noun	19
kettle	854	KETTLE	noun	19
mead	941	MEAD	noun	19
grandparent	305	GRANDPARENTS	noun	19
to-morrow	1329	TOMORROW	other	19
lair	2949	LAIR	noun	19
poncho	327	PONCHO	noun	19
deceit	13	DECEIT	noun	19
seven-	1704	SEVEN	numeral	11
spindle	277	SPINDLE	noun	19
grand-daughter	1619	GRANDDAUGHTER	noun	11
elevation	2936	ELEVATION	noun	19
deity	3231	DEITY	noun	19
corner-	192	CORNER	noun	11
snail	1543	SNAIL	noun	19
deception	13	DECEIT	noun	19
foal	1647	FOAL	noun	19
mow	190	MOW	verb	19
stepson	1059	STEPSON	noun	19
arson	1889	ARSON	noun	19
testicle	797	TESTICLES	noun	19
urine	1142	URINE	noun	19
granddaughter	1619	GRANDDAUGHTER	noun	19
waken	1602	WAKE UP	verb	19
whore	1610	PROSTITUTE	noun	19
widower	1981	WIDOWER	noun	19
medication	1372	MEDICINE	noun	19
scrape	1767	SCRAPE	verb	19
fir	1915	FIR	noun	19
hare	1190	HARE	noun	19
market-place	633	MARKET	noun	11
acorn	968	ACORN	noun	19
yolk	1556	YOLK	noun	19
eats	1336	EAT	verb	19
tinker	2243	REPAIR	verb	19
to-day	1283	TODAY	other	19
stinky	42	STINKING	adjective	19
kite	307	HAWK	noun	19
thither	2923	THITHER (THERE TO)	other	19
piss	592	PISS	verb	19
eyelash	1540	EYELASH	noun	19
hither	2925	HITHER (HERE TO)	other	19
jaguar	1250	JAGUAR	noun	19
neighbour	1332	NEIGHBOUR	noun	19
womb	804	WOMB	noun	19
moustache	1165	MOUSTACHE	noun	19
beehive	88	BEEHIVE	noun	19
drip-	2253	DRIP (EMIT LIQUID)	verb	11
born	1090	BE BORN	verb	19
hoe	284	HOE	noun	19
far-away	1406	FAR	adjective	11
collarbone	1994	COLLARBONE	noun	19
thatch	279	THATCH	noun	19
wasp	1517	WASP	noun	19
intestine	1991	INTESTINES	noun	19
puke	1278	VOMIT	verb	19
boar	1348	BOAR (MALE PIG)	noun	19
rudder	108	RUDDER	noun	19
precipice	618	PRECIPICE	noun	19
pitchfork	337	PITCHFORK	noun	19
jawbone	798	JAW	noun	19
thumb-	1781	THUMB	noun	11
molar	1049	MOLAR TOOTH	noun	19
pestle	225	PESTLE	noun	19
chime	2897	CHIME (ACTION)	verb	19
